{
  "accuracy": 0.8100558659217877,
  "precision": 0.8571428571428571,
  "recall": 0.6086956521739131,
  "f1": 0.7118644067796609,
  "confusion_matrix": [
    [
      103,
      7
    ],
    [
      27,
      42
    ]
  ]
}